{"makoTV_01": {
    "metas": {
        "genres": "Actuality",
        "background": "https://img.mako.co.il/2024/10/08/Logo_12_Live_Hero.png",
        "name": "Mako 12",
        "posterShape": "landscape",
        "description": "Mako channel 12 Live Stream From Israel",
        "videos": [{
            "streams": [{
                "name": "שידור חי מאקו ערוץ 12",
                "description": "Mako channel 12 Live Stream From Israel",
                "type": "tv",
                "url": "https://mako-streaming.akamaized.net/stream/hls/live/2033791/k12dvr/profile/2/hdntl=exp=1735669372~acl=%2f*~data=hdntl~hmac=b6e2493f547c81407d110fd0e7cf5ffc5cc6229721846c9908181b25a541a6e3/profileManifest.m3u8?_uid=a09bd8e7-f52a-4d5c-83a5-ebb3c664e7d8&rK=a3&_did=22bc6d40-f8a7-43c4-b1e0-ca555e4bc0cb"
            }],
            "description": "Mako channel  Live Stream From Israel",
            "id": "makoTV_01",
            "title": "Mako channel 12 Live Stream",
            "released": "2025-01-04"
        }],
        "id": "makoTV_01",
        "type": "tv",
        "poster": "https://img.mako.co.il/2024/10/08/Logo_12_Live_Hero.png"
    },
    "subtype": "t",
    "id": "makoTV_01",
    "type": "tv",
    "title": "Mako 12"
}}