{
    "il_24_01": {
        "metas": {
            "genres": "News",
            "background": "https://tomartsh.github.io/Stremio_Addon_Files//assets/various/channel_24.jpg",
            "name": "שידור חי 24",
            "posterShape": "landscape",
            "description": "שידור חי 24",
            "videos": [{
                "streams": [{
                    "name": "שידור חי 24",
                    "description": "שידור חי 24",
                    "type": "tv",
                    "url": "https://mako-streaming.akamaized.net/direct/hls/live/2035340/ch24live/hdntl=exp=1735742336~acl=%2f*~data=hdntl~hmac=7eedf5eaef20a12e53120f7bcc33e0a0ebbc95c83894b870abdb45976d91d493/video_7201280_p_1.m3u8"
                }],
                "description": "שידור חי 24",
                "id": "il_24_01",
                "title": "שידור חי 24",
                "released": "2025-01-02"
            }],
            "id": "il_24_01",
            "type": "tv",
            "poster": "https://tomartsh.github.io/Stremio_Addon_Files//assets/various/channel_24.jpg"
        },
        "subtype": "t",
        "id": "il_24_01",
        "type": "tv",
        "title": "שידור חי 24"
    },
    "il_24newsFrn_01": {
        "metas": {
            "genres": "News",
            "background": "https://tomartsh.github.io/Stremio_Addon_Files//assets/various/i24new_french.png",
            "name": "שידור חי בצרפתית i24",
            "posterShape": "landscape",
            "description": "שידור חי בצרפתית i24",
            "videos": [{
                "streams": [{
                    "name": "שידור חי בעיברית i24",
                    "description": "שידור חי בעיברית i24",
                    "type": "tv",
                    "url": "https://bcovlive-a.akamaihd.net/d89ede8094c741b7924120b27764153c/eu-central-1/5377161796001/playlist.m3u8?__nn__=5476555825001&hdnea=st=1735653600~exp=1735657200~acl=/d89ede8094c741b7924120b27764153c/eu-central-1/5377161796001/*~hmac=b42070c372326b7d243bf09dced085e140a2a6480cc9312c13a80d6d7a148104"
                }],
                "description": "שידור חי בצרפתית i24",
                "id": "il_24newsFrn_01",
                "title": "שידור חי בצרפתית i24",
                "released": "2025-01-02"
            }],
            "id": "il_24newsFrn_01",
            "type": "tv",
            "poster": "https://tomartsh.github.io/Stremio_Addon_Files//assets/various/i24new_french.png"
        },
        "subtype": "t",
        "id": "il_24newsFrn_01",
        "type": "tv",
        "title": "שידור חי בצרפתית i24"
    },
    "il_Sprt5_01": {
        "metas": {
            "genres": "News",
            "background": "https://tomartsh.github.io/Stremio_Addon_Files//assets/various/channel_24.jpg",
            "name": "שידור חי 24",
            "posterShape": "landscape",
            "description": "שידור חי 24",
            "videos": [{
                "streams": [{
                    "name": "שידור חי 24",
                    "description": "שידור חי 24",
                    "type": "tv",
                    "url": "https://mako-streaming.akamaized.net/direct/hls/live/2035340/ch24live/hdntl=exp=1735742336~acl=%2f*~data=hdntl~hmac=7eedf5eaef20a12e53120f7bcc33e0a0ebbc95c83894b870abdb45976d91d493/video_7201280_p_1.m3u8"
                }],
                "description": "שידור חי 24",
                "id": "il_24_01",
                "title": "שידור חי 24",
                "released": "2025-01-02"
            }],
            "id": "il_24_01",
            "type": "tv",
            "poster": "https://tomartsh.github.io/Stremio_Addon_Files//assets/various/channel_24.jpg"
        },
        "subtype": "t",
        "id": "il_24_01",
        "type": "tv",
        "title": "שידור חי 24"
    },
    "il_24newsEng_01": {
        "metas": {
            "genres": "News",
            "background": "https://tomartsh.github.io/Stremio_Addon_Files//assets/various/i24new_english.png",
            "name": "שידור חי באנגלית i24",
            "posterShape": "landscape",
            "description": "שידור חי באנגלית i24",
            "videos": [{
                "streams": [{
                    "name": "שידור חי באנגלית i24",
                    "description": "שידור חי באנגלית i24",
                    "type": "tv",
                    "url": "https://bcovlive-a.akamaihd.net/ecf224f43f3b43e69471a7b626481af0/eu-central-1/5377161796001/playlist.m3u8"
                }],
                "description": "שידור חי באנגלית i24",
                "id": "il_24newsEng_01",
                "title": "שידור חי באנגלית i24",
                "released": "2025-01-02"
            }],
            "id": "il_24newsEng_01",
            "type": "tv",
            "poster": "https://tomartsh.github.io/Stremio_Addon_Files//assets/various/i24new_english.png"
        },
        "subtype": "t",
        "id": "il_24newsEng_01",
        "type": "tv",
        "title": "שידור חי באנגלית i24"
    },
    "il_24newsHeb_01": {
        "metas": {
            "genres": "News",
            "background": "https://tomartsh.github.io/Stremio_Addon_Files//assets/various/i24new_hebrew.png",
            "name": "שידור חי בעיברית i24",
            "posterShape": "landscape",
            "description": "שידור חי בעיברית i24",
            "videos": [{
                "streams": [{
                    "name": "שידור חי בעיברית i24",
                    "description": "שידור חי בעיברית i24",
                    "type": "tv",
                    "url": "https://bcovlive-a.akamaihd.net/d89ede8094c741b7924120b27764153c/eu-central-1/5377161796001/playlist.m3u8?__nn__=5476555825001&hdnea=st=1735653600~exp=1735657200~acl=/d89ede8094c741b7924120b27764153c/eu-central-1/5377161796001/*~hmac=b42070c372326b7d243bf09dced085e140a2a6480cc9312c13a80d6d7a148104"
                }],
                "description": "שידור חי בעיברית i24",
                "id": "il_24newsHeb_01",
                "title": "שידור חי בעיברית i24",
                "released": "2025-01-02"
            }],
            "id": "il_24newsHeb_01",
            "type": "tv",
            "poster": "https://tomartsh.github.io/Stremio_Addon_Files//assets/various/i24new_hebrew.png"
        },
        "subtype": "t",
        "id": "il_24newsHeb_01",
        "type": "tv",
        "title": "שידור חי בעיברית i24"
    },
    "il_24newsArb_01": {
        "metas": {
            "genres": "News",
            "background": "https://tomartsh.github.io/Stremio_Addon_Files//assets/various/i24new_arabic.png",
            "name": "שידור חי בערבית i24",
            "posterShape": "landscape",
            "description": "שידור חי בערבית i24",
            "videos": [{
                "streams": [{
                    "name": "שידור חי בעיברית i24",
                    "description": "שידור חי בעיברית i24",
                    "type": "tv",
                    "url": "https://bcovlive-a.akamaihd.net/d89ede8094c741b7924120b27764153c/eu-central-1/5377161796001/playlist.m3u8?__nn__=5476555825001&hdnea=st=1735653600~exp=1735657200~acl=/d89ede8094c741b7924120b27764153c/eu-central-1/5377161796001/*~hmac=b42070c372326b7d243bf09dced085e140a2a6480cc9312c13a80d6d7a148104"
                }],
                "description": "שידור חי בערבית i24",
                "id": "il_24newsArb_01",
                "title": "שידור חי בערבית i24",
                "released": "2025-01-02"
            }],
            "id": "il_24newsArb_01",
            "type": "tv",
            "poster": "https://tomartsh.github.io/Stremio_Addon_Files//assets/various/i24new_arabic.png"
        },
        "subtype": "t",
        "id": "il_24newsArb_01",
        "type": "tv",
        "title": "שידור חי בערבית i24"
    },
    "il_ynetTv_01": {
        "metas": {
            "genres": "News",
            "background": "https://tomartsh.github.io/Stremio_Addon_Files//assets/various/ynet_logo_gif_ynet.gif",
            "name": "שידור חי ynet",
            "posterShape": "landscape",
            "description": "שידור חי ynet",
            "videos": [{
                "streams": [{
                    "name": "שידור חי ynet",
                    "description": "שידור חי ynet",
                    "type": "tv",
                    "url": "https://ynet-live-02.ynet-pic1.yit.co.il/ynet/live_720.m3u8"
                }],
                "description": "שידור חי ynet",
                "id": "il_ynetTv_01",
                "title": "שידור חי ynet",
                "released": "2025-01-02"
            }],
            "id": "il_ynetTv_01",
            "type": "tv",
            "poster": "https://tomartsh.github.io/Stremio_Addon_Files//assets/various/ynet_logo_gif_ynet.gif"
        },
        "subtype": "t",
        "id": "il_ynetTv_01",
        "type": "tv",
        "title": "שידור חי ynet"
    }
}